/*
Navicat MySQL Data Transfer

Source Server         : c2c-local
Source Server Version : 80015
Source Host           : localhost:3306
Source Database       : wallet-c2c

Target Server Type    : MYSQL
Target Server Version : 80015
File Encoding         : 65001

Date: 2019-04-30 14:23:52
*/

SET FOREIGN_KEY_CHECKS=0;

-- ----------------------------
-- Table structure for tb_hang_order
-- ----------------------------
DROP TABLE IF EXISTS `tb_hang_order`;
CREATE TABLE `tb_hang_order` (
  `hang_order_id` varchar(50) CHARACTER SET utf8mb4 COLLATE utf8mb4_bin NOT NULL DEFAULT '' COMMENT '挂单ID',
  `platform_id` varchar(50) CHARACTER SET utf8mb4 COLLATE utf8mb4_bin DEFAULT '' COMMENT '平台ID',
  `user_id` varchar(50) CHARACTER SET utf8mb4 COLLATE utf8mb4_bin NOT NULL DEFAULT '' COMMENT '用户ID',
  `original_coin_id` varchar(50) CHARACTER SET utf8mb4 COLLATE utf8mb4_bin NOT NULL DEFAULT '' COMMENT '原币种ID',
  `original_coin_quantity` decimal(16,6) DEFAULT '0.000000' COMMENT '原币种数量',
  `target_coin_id` varchar(50) CHARACTER SET utf8mb4 COLLATE utf8mb4_bin NOT NULL DEFAULT '' COMMENT '目标币种ID',
  `target_coin_quantity` decimal(16,6) NOT NULL DEFAULT '0.000000' COMMENT '目标币种数量',
  `price` decimal(10,6) DEFAULT '0.000000' COMMENT '价格',
  `max_buy` decimal(10,6) NOT NULL DEFAULT '1.000000' COMMENT '最多购买数量',
  `min_buy` decimal(10,6) NOT NULL DEFAULT '1.000000' COMMENT '最少购买数量',
  `remark` varchar(255) CHARACTER SET utf8mb4 COLLATE utf8mb4_bin DEFAULT '' COMMENT '备注信息',
  `remain` decimal(10,6) NOT NULL DEFAULT '0.000000' COMMENT '剩余数量',
  `lock_platform_prepay_id` varchar(50) CHARACTER SET utf8mb4 COLLATE utf8mb4_bin DEFAULT '' COMMENT '锁仓预支付订单ID',
  `refund_platform_prepay_id` varchar(50) CHARACTER SET utf8mb4 COLLATE utf8mb4_bin DEFAULT '' COMMENT '退款预支付订单ID',
  `start_time` timestamp NULL DEFAULT CURRENT_TIMESTAMP COMMENT '开始时间',
  `finish_time` timestamp NULL DEFAULT NULL COMMENT '完成时间',
  `cancel_time` timestamp NULL DEFAULT NULL COMMENT '取消时间',
  `status_id` int(2) DEFAULT '0' COMMENT '挂单状态ID（1:未锁仓 2:成功锁仓 3:锁仓失败 4:完成 5:取消 6:已失效）',
  PRIMARY KEY (`hang_order_id`)
) ENGINE=InnoDB DEFAULT CHARSET=utf8mb4 COLLATE=utf8mb4_bin COMMENT='挂单信息表';

-- ----------------------------
-- Records of tb_hang_order
-- ----------------------------
INSERT INTO `tb_hang_order` VALUES ('566214299505131523', '566203807701139456', '566214299505131521', '566204958341332999', '10.000000', '566204958341332994', '71.600000', '0.000000', '20.000000', '1.000000', 'HUSD兑换HT', '71.600000', '', '', '2019-04-12 11:00:58', null, null, '2');
INSERT INTO `tb_hang_order` VALUES ('566214299505131524', '566203807701139456', '566214299505131522', '566204958341332997', '20.000000', '566204958341332994', '86.200000', '0.000000', '5.000000', '0.100000', 'HT兑换ETH', '86.200000', '', '', '2019-04-12 11:00:58', null, null, '2');
INSERT INTO `tb_hang_order` VALUES ('566214299505131525', '566203807701139456', '566214299505131522', '566204958341332993', '30.000000', '566204958341332994', '36.000000', '0.000000', '2.000000', '0.500000', 'USDT兑换EOS', '36.000000', '', '', '2019-04-12 11:00:58', null, null, '2');
INSERT INTO `tb_hang_order` VALUES ('572076624745332736', '566203807701139456', '566214299505131521', '566204958341332998', '100.000000', '566204958341332994', '19990.000000', '199.900000', '100.000000', '100.000000', '是的是的', '100.000000', '572076624745332737', '', '2019-04-28 15:08:16', null, null, '0');
INSERT INTO `tb_hang_order` VALUES ('572076930052915200', '566203807701139456', '566214299505131521', '566204958341332998', '100.000000', '566204958341332994', '19990.000000', '199.900000', '100.000000', '100.000000', '是的是的', '100.000000', '572076930052915201', '', '2019-04-28 15:09:28', null, null, '0');
INSERT INTO `tb_hang_order` VALUES ('572078406179487744', '566203807701139456', '566214299505131521', '566204958341332998', '100.000000', '566204958341332994', '19990.000000', '199.900000', '100.000000', '100.000000', '是的是的', '100.000000', '572078406179487745', '', '2019-04-28 15:15:20', null, null, '0');
INSERT INTO `tb_hang_order` VALUES ('572093527459102720', '566203807701139456', '566214299505131521', '566204958341332998', '100.000000', '566204958341332994', '19990.000000', '199.900000', '100.000000', '100.000000', '是的是的', '100.000000', '572093527459102721', '', '2019-04-28 16:15:25', null, null, '0');
INSERT INTO `tb_hang_order` VALUES ('572093544781578240', '566203807701139456', '566214299505131521', '566204958341332998', '100.000000', '566204958341332994', '19990.000000', '199.900000', '100.000000', '100.000000', '是的是的', '100.000000', '572093544781578241', '', '2019-04-28 16:15:30', null, null, '0');
INSERT INTO `tb_hang_order` VALUES ('572093548501925888', '566203807701139456', '566214299505131521', '566204958341332998', '100.000000', '566204958341332994', '19990.000000', '199.900000', '100.000000', '100.000000', '是的是的', '100.000000', '572093548501925889', '', '2019-04-28 16:15:30', null, null, '0');
INSERT INTO `tb_hang_order` VALUES ('572093551169503232', '566203807701139456', '566214299505131521', '566204958341332998', '100.000000', '566204958341332994', '19990.000000', '199.900000', '100.000000', '100.000000', '是的是的', '100.000000', '572093551169503233', '', '2019-04-28 16:15:31', null, null, '0');
INSERT INTO `tb_hang_order` VALUES ('572093553589616640', '566203807701139456', '566214299505131521', '566204958341332998', '100.000000', '566204958341332994', '19990.000000', '199.900000', '100.000000', '100.000000', '是的是的', '100.000000', '572093553589616641', '', '2019-04-28 16:15:32', null, null, '0');
INSERT INTO `tb_hang_order` VALUES ('572093555955204096', '566203807701139456', '566214299505131521', '566204958341332998', '100.000000', '566204958341332994', '19990.000000', '199.900000', '100.000000', '100.000000', '是的是的', '100.000000', '572093555955204097', '', '2019-04-28 16:15:32', null, null, '0');
INSERT INTO `tb_hang_order` VALUES ('572093558375317504', '566203807701139456', '566214299505131521', '566204958341332998', '100.000000', '566204958341332994', '19990.000000', '199.900000', '100.000000', '100.000000', '是的是的', '100.000000', '572093558375317505', '', '2019-04-28 16:15:33', null, null, '0');
INSERT INTO `tb_hang_order` VALUES ('572104151647911936', '566203807701139456', '566214299505131521', '566204958341332998', '100.000000', '566204958341332994', '19990.000000', '199.900000', '100.000000', '100.000000', '是的是的', '100.000000', '572104151647911937', '', '2019-04-28 16:57:38', null, null, '0');
INSERT INTO `tb_hang_order` VALUES ('572104160351092736', '566203807701139456', '566214299505131521', '566204958341332998', '100.000000', '566204958341332994', '19990.000000', '199.900000', '100.000000', '100.000000', '是的是的', '100.000000', '572104160351092737', '', '2019-04-28 16:57:41', null, null, '0');
INSERT INTO `tb_hang_order` VALUES ('572104207969026048', '566203807701139456', '566214299505131521', '566204958341332998', '100.000000', '566204958341332994', '19990.000000', '199.900000', '100.000000', '100.000000', '是的是的', '100.000000', '572104207969026049', '', '2019-04-28 16:57:52', null, null, '0');
INSERT INTO `tb_hang_order` VALUES ('572122924337594368', '566203807701139456', '566214299505131521', '566204958341332998', '100.000000', '566204958341332994', '19990.000000', '199.900000', '100.000000', '100.000000', '是的是的', '100.000000', '572122924337594369', '', '2019-04-28 18:12:14', null, null, '0');

-- ----------------------------
-- Table structure for tb_order
-- ----------------------------
DROP TABLE IF EXISTS `tb_order`;
CREATE TABLE `tb_order` (
  `order_id` varchar(50) CHARACTER SET utf8mb4 COLLATE utf8mb4_bin NOT NULL DEFAULT '' COMMENT '订单ID',
  `user_id` varchar(50) CHARACTER SET utf8mb4 COLLATE utf8mb4_bin NOT NULL DEFAULT '' COMMENT '用户ID',
  `hang_order_id` varchar(50) CHARACTER SET utf8mb4 COLLATE utf8mb4_bin NOT NULL DEFAULT '' COMMENT '挂单ID',
  `common_order_id` varchar(50) CHARACTER SET utf8mb4 COLLATE utf8mb4_bin NOT NULL DEFAULT '' COMMENT '公共订单ID',
  `original_coin_id` varchar(50) CHARACTER SET utf8mb4 COLLATE utf8mb4_bin NOT NULL DEFAULT '' COMMENT '原币种ID',
  `original_coin_quantity` decimal(10,6) NOT NULL DEFAULT '1.000000' COMMENT '原币种数量',
  `target_coin_id` varchar(20) CHARACTER SET utf8mb4 COLLATE utf8mb4_bin NOT NULL DEFAULT '' COMMENT '目标币种ID',
  `target_coin_quantity` decimal(10,6) NOT NULL DEFAULT '1.000000' COMMENT '目标币种数量',
  `platform_coin_market_id` varchar(18) CHARACTER SET utf8mb4 COLLATE utf8mb4_bin DEFAULT '' COMMENT '行情ID',
  `total_charge` decimal(10,6) NOT NULL DEFAULT '0.000000' COMMENT '总手续费',
  `platform_charge` decimal(10,6) NOT NULL DEFAULT '0.000000' COMMENT '平台手续费',
  `c2c_charge` decimal(10,6) NOT NULL DEFAULT '0.000000' COMMENT 'c2c交易手续费',
  `platform_prepay_id` varchar(50) CHARACTER SET utf8mb4 COLLATE utf8mb4_bin DEFAULT '' COMMENT '预支付订单ID',
  `status_id` int(2) NOT NULL DEFAULT '1' COMMENT '订单状态ID（1:未付款 2:付款成功 3:付款失败 4:已取消 5:已失效）',
  `start_time` timestamp NOT NULL DEFAULT CURRENT_TIMESTAMP ON UPDATE CURRENT_TIMESTAMP COMMENT '开始时间',
  `finish_time` timestamp NULL DEFAULT NULL COMMENT '完成时间',
  `cancel_time` timestamp NULL DEFAULT NULL COMMENT '取消时间',
  PRIMARY KEY (`order_id`)
) ENGINE=InnoDB DEFAULT CHARSET=utf8mb4 COLLATE=utf8mb4_bin COMMENT='订单信息表';

-- ----------------------------
-- Records of tb_order
-- ----------------------------
INSERT INTO `tb_order` VALUES ('566214299505131526', '566214299505131522', '566214299505131523', '566217586388238380', '566204958341332994', '71.600000', '566204958341332999', '10.000000', '566207846069305393', '1.000000', '0.300000', '0.700000', '566217586388238380', '1', '2019-04-18 11:35:45', null, null);
INSERT INTO `tb_order` VALUES ('566214299505131527', '566214299505131521', '566214299505131523', '566217586388238380', '566204958341332999', '10.000000', '566204958341332994', '64.440000', '566207846069305393', '7.160000', '2.150000', '5.010000', '566217586388238380', '1', '2019-04-18 11:35:41', null, null);

-- ----------------------------
-- Table structure for tb_platform
-- ----------------------------
DROP TABLE IF EXISTS `tb_platform`;
CREATE TABLE `tb_platform` (
  `id` int(11) NOT NULL AUTO_INCREMENT COMMENT '数据ID',
  `platform_id` varchar(50) CHARACTER SET utf8mb4 COLLATE utf8mb4_bin NOT NULL DEFAULT '' COMMENT '平台ID',
  `platform_name` varchar(255) CHARACTER SET utf8mb4 COLLATE utf8mb4_bin NOT NULL DEFAULT '' COMMENT '平台名称',
  `access_token` varchar(255) CHARACTER SET utf8mb4 COLLATE utf8mb4_bin NOT NULL DEFAULT '' COMMENT '平台访问令牌',
  `total_charge` decimal(10,6) NOT NULL DEFAULT '0.100000' COMMENT '交易总手续费',
  `platform_charge` decimal(10,6) NOT NULL DEFAULT '0.030000' COMMENT '平台手续费',
  `c2c_charge` decimal(10,6) NOT NULL DEFAULT '0.070000' COMMENT 'c2c交易手续费',
  `margin_coin_id` varchar(20) CHARACTER SET utf8mb4 COLLATE utf8mb4_bin NOT NULL DEFAULT '' COMMENT '手续费币种ID',
  `margin_quantity` decimal(10,6) NOT NULL DEFAULT '0.000000' COMMENT '手续费币种数量',
  `syn_coin_url` varchar(255) CHARACTER SET utf8mb4 COLLATE utf8mb4_bin DEFAULT '' COMMENT '同步平台货币url',
  `syn_coin_market_url` varchar(255) CHARACTER SET utf8mb4 COLLATE utf8mb4_bin DEFAULT '' COMMENT '同步平台货币行情url',
  `get_userinfo_url` varchar(255) CHARACTER SET utf8mb4 COLLATE utf8mb4_bin DEFAULT '' COMMENT '获取用户信息url',
  `prepay_url` varchar(255) CHARACTER SET utf8mb4 COLLATE utf8mb4_bin DEFAULT '' COMMENT '预支付订单接口',
  `prepay_check_url` varchar(255) CHARACTER SET utf8mb4 COLLATE utf8mb4_bin DEFAULT '' COMMENT '预支付订单检查接口',
  `split_hangorder` int(2) NOT NULL DEFAULT '0' COMMENT '是否可以拆单(0:不允许 1:允许)',
  `refer_coin_market` int(2) NOT NULL DEFAULT '0' COMMENT '是否依赖币种行情(0:不需要 1:需要)',
  `create_time` timestamp NOT NULL DEFAULT CURRENT_TIMESTAMP ON UPDATE CURRENT_TIMESTAMP COMMENT '创建时间',
  PRIMARY KEY (`id`),
  UNIQUE KEY `app_id,name` (`platform_id`,`platform_name`) USING BTREE
) ENGINE=InnoDB AUTO_INCREMENT=2 DEFAULT CHARSET=utf8mb4 COLLATE=utf8mb4_bin COMMENT='平台信息表';

-- ----------------------------
-- Records of tb_platform
-- ----------------------------
INSERT INTO `tb_platform` VALUES ('1', '566203807701139456', '火币钱包', 'LMMIGJOGNNGHHJPKLM', '0.100000', '0.030000', '0.070000', '566204958341332994', '2.000000', 'http://firecoin.com/syn_coin.do', 'http://firecoin.com/syn_coin_market.do', 'http://firecoin.com/get_userinfo.do', 'http://firecoin.com/prepay.do', 'http://firecoin.com/prepay_check.do', '0', '0', '2019-04-28 16:56:55');

-- ----------------------------
-- Table structure for tb_platform_coin
-- ----------------------------
DROP TABLE IF EXISTS `tb_platform_coin`;
CREATE TABLE `tb_platform_coin` (
  `id` int(11) NOT NULL AUTO_INCREMENT COMMENT 'ID',
  `platform_id` varchar(50) CHARACTER SET utf8mb4 COLLATE utf8mb4_bin NOT NULL DEFAULT '' COMMENT '平台ID',
  `coin_id` varchar(50) CHARACTER SET utf8mb4 COLLATE utf8mb4_bin NOT NULL DEFAULT '' COMMENT '币种ID',
  `coin_name` varchar(50) CHARACTER SET utf8mb4 COLLATE utf8mb4_bin NOT NULL DEFAULT '' COMMENT '币名称',
  `basis` int(2) NOT NULL DEFAULT '0' COMMENT '是否交易币（0:不是 1:是）',
  `description` varchar(255) CHARACTER SET utf8mb4 COLLATE utf8mb4_bin DEFAULT '' COMMENT '描述',
  `create_time` timestamp NOT NULL DEFAULT CURRENT_TIMESTAMP ON UPDATE CURRENT_TIMESTAMP COMMENT '创建时间',
  PRIMARY KEY (`id`),
  UNIQUE KEY `platfrom_id,coin_id` (`platform_id`,`coin_id`) USING BTREE COMMENT '平台ID与币种ID组合唯一'
) ENGINE=InnoDB AUTO_INCREMENT=9 DEFAULT CHARSET=utf8mb4 COLLATE=utf8mb4_bin COMMENT='平台币种信息表';

-- ----------------------------
-- Records of tb_platform_coin
-- ----------------------------
INSERT INTO `tb_platform_coin` VALUES ('1', '566203807701139456', '566204958341332992', 'BTC', '0', '', '2019-04-12 10:20:03');
INSERT INTO `tb_platform_coin` VALUES ('2', '566203807701139456', '566204958341332993', 'ETH', '0', '', '2019-04-12 10:20:03');
INSERT INTO `tb_platform_coin` VALUES ('3', '566203807701139456', '566204958341332994', 'USDT', '1', '', '2019-04-17 13:01:34');
INSERT INTO `tb_platform_coin` VALUES ('4', '566203807701139456', '566204958341332995', 'EOS', '0', '', '2019-04-12 10:20:03');
INSERT INTO `tb_platform_coin` VALUES ('5', '566203807701139456', '566204958341332996', 'XRP', '0', '', '2019-04-12 10:20:03');
INSERT INTO `tb_platform_coin` VALUES ('6', '566203807701139456', '566204958341332997', 'LTC', '0', '', '2019-04-12 10:20:03');
INSERT INTO `tb_platform_coin` VALUES ('7', '566203807701139456', '566204958341332998', 'AT', '0', '', '2019-04-28 13:54:12');
INSERT INTO `tb_platform_coin` VALUES ('8', '566203807701139456', '566204958341332999', 'HUSD', '0', '', '2019-04-12 10:20:03');

-- ----------------------------
-- Table structure for tb_platform_coin_market
-- ----------------------------
DROP TABLE IF EXISTS `tb_platform_coin_market`;
CREATE TABLE `tb_platform_coin_market` (
  `platform_coin_market_id` varchar(50) CHARACTER SET utf8mb4 COLLATE utf8mb4_bin NOT NULL COMMENT '行情ID',
  `platform_id` varchar(50) CHARACTER SET utf8mb4 COLLATE utf8mb4_bin DEFAULT '' COMMENT '平台ID',
  `original_coin_id` varchar(50) CHARACTER SET utf8mb4 COLLATE utf8mb4_bin DEFAULT '' COMMENT '原币种ID',
  `target_coin_id` varchar(50) CHARACTER SET utf8mb4 COLLATE utf8mb4_bin DEFAULT '' COMMENT '目标币种ID',
  `price` decimal(10,6) DEFAULT '0.000000' COMMENT '价格',
  `update_time` timestamp NULL DEFAULT NULL ON UPDATE CURRENT_TIMESTAMP COMMENT '最近更新时间',
  `create_time` timestamp NOT NULL DEFAULT CURRENT_TIMESTAMP ON UPDATE CURRENT_TIMESTAMP COMMENT '创建时间',
  PRIMARY KEY (`platform_coin_market_id`)
) ENGINE=InnoDB DEFAULT CHARSET=utf8mb4 COLLATE=utf8mb4_bin COMMENT='平台币种行情信息表';

-- ----------------------------
-- Records of tb_platform_coin_market
-- ----------------------------
INSERT INTO `tb_platform_coin_market` VALUES ('566207846069305344', '566203807701139456', '566204958341332992', '566204958341332993', '1.000000', null, '2019-04-12 10:00:00');
INSERT INTO `tb_platform_coin_market` VALUES ('566207846069305345', '566203807701139456', '566204958341332992', '566204958341332994', '2.000000', null, '2019-04-12 10:00:00');
INSERT INTO `tb_platform_coin_market` VALUES ('566207846069305346', '566203807701139456', '566204958341332992', '566204958341332995', '3.000000', null, '2019-04-12 10:00:00');
INSERT INTO `tb_platform_coin_market` VALUES ('566207846069305347', '566203807701139456', '566204958341332992', '566204958341332996', '4.000000', null, '2019-04-12 10:00:00');
INSERT INTO `tb_platform_coin_market` VALUES ('566207846069305348', '566203807701139456', '566204958341332992', '566204958341332997', '5.000000', null, '2019-04-12 10:00:00');
INSERT INTO `tb_platform_coin_market` VALUES ('566207846069305349', '566203807701139456', '566204958341332992', '566204958341332998', '6.000000', null, '2019-04-12 10:00:00');
INSERT INTO `tb_platform_coin_market` VALUES ('566207846069305350', '566203807701139456', '566204958341332992', '566204958341332999', '0.500000', null, '2019-04-12 10:00:00');
INSERT INTO `tb_platform_coin_market` VALUES ('566207846069305351', '566203807701139456', '566204958341332993', '566204958341332992', '1.100000', null, '2019-04-12 10:00:00');
INSERT INTO `tb_platform_coin_market` VALUES ('566207846069305352', '566203807701139456', '566204958341332993', '566204958341332994', '1.200000', null, '2019-04-12 10:00:00');
INSERT INTO `tb_platform_coin_market` VALUES ('566207846069305353', '566203807701139456', '566204958341332993', '566204958341332995', '1.300000', null, '2019-04-12 10:00:00');
INSERT INTO `tb_platform_coin_market` VALUES ('566207846069305354', '566203807701139456', '566204958341332993', '566204958341332996', '1.400000', null, '2019-04-12 10:00:00');
INSERT INTO `tb_platform_coin_market` VALUES ('566207846069305355', '566203807701139456', '566204958341332993', '566204958341332997', '1.500000', null, '2019-04-12 10:00:00');
INSERT INTO `tb_platform_coin_market` VALUES ('566207846069305356', '566203807701139456', '566204958341332993', '566204958341332998', '1.600000', null, '2019-04-12 10:00:00');
INSERT INTO `tb_platform_coin_market` VALUES ('566207846069305357', '566203807701139456', '566204958341332993', '566204958341332999', '1.700000', null, '2019-04-12 10:00:00');
INSERT INTO `tb_platform_coin_market` VALUES ('566207846069305358', '566203807701139456', '566204958341332994', '566204958341332992', '3.010000', null, '2019-04-12 10:00:00');
INSERT INTO `tb_platform_coin_market` VALUES ('566207846069305359', '566203807701139456', '566204958341332994', '566204958341332993', '3.020000', null, '2019-04-12 10:00:00');
INSERT INTO `tb_platform_coin_market` VALUES ('566207846069305360', '566203807701139456', '566204958341332994', '566204958341332995', '3.030000', null, '2019-04-12 10:00:00');
INSERT INTO `tb_platform_coin_market` VALUES ('566207846069305361', '566203807701139456', '566204958341332994', '566204958341332996', '3.040000', null, '2019-04-12 10:00:00');
INSERT INTO `tb_platform_coin_market` VALUES ('566207846069305362', '566203807701139456', '566204958341332994', '566204958341332997', '3.050000', null, '2019-04-12 10:00:00');
INSERT INTO `tb_platform_coin_market` VALUES ('566207846069305363', '566203807701139456', '566204958341332994', '566204958341332998', '3.060000', null, '2019-04-12 10:00:00');
INSERT INTO `tb_platform_coin_market` VALUES ('566207846069305364', '566203807701139456', '566204958341332994', '566204958341332999', '3.070000', null, '2019-04-12 10:00:00');
INSERT INTO `tb_platform_coin_market` VALUES ('566207846069305366', '566203807701139456', '566204958341332995', '566204958341332992', '0.040000', null, '2019-04-12 10:00:00');
INSERT INTO `tb_platform_coin_market` VALUES ('566207846069305367', '566203807701139456', '566204958341332995', '566204958341332993', '0.050000', null, '2019-04-12 10:00:00');
INSERT INTO `tb_platform_coin_market` VALUES ('566207846069305368', '566203807701139456', '566204958341332995', '566204958341332994', '0.060000', null, '2019-04-12 10:00:00');
INSERT INTO `tb_platform_coin_market` VALUES ('566207846069305369', '566203807701139456', '566204958341332995', '566204958341332996', '0.070000', null, '2019-04-12 10:00:00');
INSERT INTO `tb_platform_coin_market` VALUES ('566207846069305370', '566203807701139456', '566204958341332995', '566204958341332997', '0.080000', null, '2019-04-12 10:00:00');
INSERT INTO `tb_platform_coin_market` VALUES ('566207846069305371', '566203807701139456', '566204958341332995', '566204958341332998', '0.090000', null, '2019-04-12 10:00:00');
INSERT INTO `tb_platform_coin_market` VALUES ('566207846069305372', '566203807701139456', '566204958341332995', '566204958341332999', '0.010000', null, '2019-04-12 10:00:00');
INSERT INTO `tb_platform_coin_market` VALUES ('566207846069305373', '566203807701139456', '566204958341332996', '566204958341332992', '2.200000', null, '2019-04-12 10:00:00');
INSERT INTO `tb_platform_coin_market` VALUES ('566207846069305374', '566203807701139456', '566204958341332996', '566204958341332993', '2.010000', null, '2019-04-12 10:00:00');
INSERT INTO `tb_platform_coin_market` VALUES ('566207846069305375', '566203807701139456', '566204958341332996', '566204958341332994', '2.030000', null, '2019-04-12 10:00:00');
INSERT INTO `tb_platform_coin_market` VALUES ('566207846069305376', '566203807701139456', '566204958341332996', '566204958341332995', '2.150000', null, '2019-04-12 10:00:00');
INSERT INTO `tb_platform_coin_market` VALUES ('566207846069305377', '566203807701139456', '566204958341332996', '566204958341332997', '2.990000', null, '2019-04-12 10:00:00');
INSERT INTO `tb_platform_coin_market` VALUES ('566207846069305378', '566203807701139456', '566204958341332996', '566204958341332998', '2.660000', null, '2019-04-12 10:00:00');
INSERT INTO `tb_platform_coin_market` VALUES ('566207846069305379', '566203807701139456', '566204958341332996', '566204958341332999', '5.220000', null, '2019-04-12 10:00:00');
INSERT INTO `tb_platform_coin_market` VALUES ('566207846069305380', '566203807701139456', '566204958341332997', '566204958341332992', '4.310000', null, '2019-04-12 10:00:00');
INSERT INTO `tb_platform_coin_market` VALUES ('566207846069305381', '566203807701139456', '566204958341332997', '566204958341332993', '3.210000', null, '2019-04-12 10:00:00');
INSERT INTO `tb_platform_coin_market` VALUES ('566207846069305382', '566203807701139456', '566204958341332997', '566204958341332994', '4.330000', null, '2019-04-12 10:00:00');
INSERT INTO `tb_platform_coin_market` VALUES ('566207846069305383', '566203807701139456', '566204958341332997', '566204958341332995', '1.220000', null, '2019-04-12 10:00:00');
INSERT INTO `tb_platform_coin_market` VALUES ('566207846069305384', '566203807701139456', '566204958341332997', '566204958341332996', '2.160000', null, '2019-04-12 10:00:00');
INSERT INTO `tb_platform_coin_market` VALUES ('566207846069305385', '566203807701139456', '566204958341332997', '566204958341332998', '2.170000', null, '2019-04-12 10:00:00');
INSERT INTO `tb_platform_coin_market` VALUES ('566207846069305386', '566203807701139456', '566204958341332997', '566204958341332999', '2.330000', null, '2019-04-12 10:00:00');
INSERT INTO `tb_platform_coin_market` VALUES ('566207846069305387', '566203807701139456', '566204958341332998', '566204958341332992', '9.990000', null, '2019-04-12 10:00:00');
INSERT INTO `tb_platform_coin_market` VALUES ('566207846069305388', '566203807701139456', '566204958341332998', '566204958341332993', '8.880000', null, '2019-04-12 10:00:00');
INSERT INTO `tb_platform_coin_market` VALUES ('566207846069305389', '566203807701139456', '566204958341332998', '566204958341332994', '7.770000', null, '2019-04-12 10:00:00');
INSERT INTO `tb_platform_coin_market` VALUES ('566207846069305390', '566203807701139456', '566204958341332998', '566204958341332995', '6.660000', null, '2019-04-12 10:00:00');
INSERT INTO `tb_platform_coin_market` VALUES ('566207846069305391', '566203807701139456', '566204958341332998', '566204958341332996', '5.550000', null, '2019-04-12 10:00:00');
INSERT INTO `tb_platform_coin_market` VALUES ('566207846069305392', '566203807701139456', '566204958341332998', '566204958341332997', '4.440000', null, '2019-04-12 10:00:00');
INSERT INTO `tb_platform_coin_market` VALUES ('566207846069305393', '566203807701139456', '566204958341332998', '566204958341332999', '3.330000', null, '2019-04-12 10:00:00');
INSERT INTO `tb_platform_coin_market` VALUES ('566207846069305394', '566203807701139456', '566204958341332999', '566204958341332992', '7.100000', null, '2019-04-12 10:00:00');
INSERT INTO `tb_platform_coin_market` VALUES ('566207846069305395', '566203807701139456', '566204958341332999', '566204958341332993', '7.110000', null, '2019-04-12 10:00:00');
INSERT INTO `tb_platform_coin_market` VALUES ('566207846069305396', '566203807701139456', '566204958341332999', '566204958341332994', '7.120000', null, '2019-04-12 10:00:00');
INSERT INTO `tb_platform_coin_market` VALUES ('566207846069305397', '566203807701139456', '566204958341332999', '566204958341332995', '7.130000', null, '2019-04-12 10:00:00');
INSERT INTO `tb_platform_coin_market` VALUES ('566207846069305398', '566203807701139456', '566204958341332999', '566204958341332996', '7.140000', null, '2019-04-12 10:00:00');
INSERT INTO `tb_platform_coin_market` VALUES ('566207846069305399', '566203807701139456', '566204958341332999', '566204958341332997', '7.150000', null, '2019-04-12 10:00:00');
INSERT INTO `tb_platform_coin_market` VALUES ('566207846069305400', '566203807701139456', '566204958341332999', '566204958341332998', '7.160000', null, '2019-04-12 10:00:00');

-- ----------------------------
-- Table structure for tb_platform_hangorder_coin_type
-- ----------------------------
DROP TABLE IF EXISTS `tb_platform_hangorder_coin_type`;
CREATE TABLE `tb_platform_hangorder_coin_type` (
  `platform_hangorder_coin_type_id` int(11) NOT NULL AUTO_INCREMENT COMMENT '平台挂单币币交易类型ID',
  `platform_id` varchar(50) CHARACTER SET utf8mb4 COLLATE utf8mb4_bin DEFAULT '' COMMENT '平台ID',
  `original_coin_id` varchar(50) CHARACTER SET utf8mb4 COLLATE utf8mb4_bin DEFAULT '' COMMENT '原币种ID',
  `target_coin_id` varchar(50) CHARACTER SET utf8mb4 COLLATE utf8mb4_bin DEFAULT '' COMMENT '目标币种ID',
  `min_buy` decimal(10,6) DEFAULT '0.000000' COMMENT '最少购买数量',
  `max_buy` decimal(10,6) DEFAULT '0.000000' COMMENT '最大购买数量',
  `status_id` int(2) NOT NULL DEFAULT '1' COMMENT '状态(0:禁用 1:启用)',
  `create_time` timestamp NOT NULL DEFAULT CURRENT_TIMESTAMP ON UPDATE CURRENT_TIMESTAMP COMMENT '创建时间',
  PRIMARY KEY (`platform_hangorder_coin_type_id`)
) ENGINE=InnoDB AUTO_INCREMENT=2 DEFAULT CHARSET=utf8mb4 COLLATE=utf8mb4_bin COMMENT='平台挂单币币交易类型信息表';

-- ----------------------------
-- Records of tb_platform_hangorder_coin_type
-- ----------------------------
INSERT INTO `tb_platform_hangorder_coin_type` VALUES ('1', '566203807701139456', '566204958341332998', '566204958341332994', '0.000000', '0.000000', '1', '2019-04-28 13:54:46');

-- ----------------------------
-- Table structure for tb_platform_merchant
-- ----------------------------
DROP TABLE IF EXISTS `tb_platform_merchant`;
CREATE TABLE `tb_platform_merchant` (
  `id` int(11) NOT NULL AUTO_INCREMENT COMMENT '数据ID',
  `platform_id` varchar(50) CHARACTER SET utf8mb4 COLLATE utf8mb4_bin NOT NULL DEFAULT '' COMMENT '平台ID',
  `merchant_id` varchar(50) CHARACTER SET utf8mb4 COLLATE utf8mb4_bin NOT NULL DEFAULT '' COMMENT '商户号',
  `password` varchar(255) CHARACTER SET utf8mb4 COLLATE utf8mb4_bin NOT NULL DEFAULT '' COMMENT '登录密码',
  `secret` varchar(255) CHARACTER SET utf8mb4 COLLATE utf8mb4_bin NOT NULL DEFAULT '' COMMENT '对接密钥',
  `type` int(2) NOT NULL DEFAULT '1' COMMENT '商户账号类型（1:托管账号 2:服务费账号）',
  `create_time` timestamp NOT NULL DEFAULT CURRENT_TIMESTAMP ON UPDATE CURRENT_TIMESTAMP COMMENT '创建时间',
  PRIMARY KEY (`id`)
) ENGINE=InnoDB AUTO_INCREMENT=3 DEFAULT CHARSET=utf8mb4 COLLATE=utf8mb4_bin COMMENT='平台商户账号信息表';

-- ----------------------------
-- Records of tb_platform_merchant
-- ----------------------------
INSERT INTO `tb_platform_merchant` VALUES ('1', '566203807701139456', '566206986048241664', '123456', 'JKKGEKNMKEIMGIFKKI', '1', '2019-04-12 10:24:48');
INSERT INTO `tb_platform_merchant` VALUES ('2', '566203807701139456', '566206986048241665', '654321', 'KLLHFLONLFJNHJGLLK', '2', '2019-04-12 10:25:09');

-- ----------------------------
-- Table structure for tb_platform_prepay
-- ----------------------------
DROP TABLE IF EXISTS `tb_platform_prepay`;
CREATE TABLE `tb_platform_prepay` (
  `platform_prepay_id` varchar(50) CHARACTER SET utf8mb4 COLLATE utf8mb4_bin NOT NULL DEFAULT '' COMMENT '预支付订单ID',
  `parent_platform_prepay_id` varchar(50) CHARACTER SET utf8mb4 COLLATE utf8mb4_bin NOT NULL DEFAULT '' COMMENT '父类预支付订单ID',
  `platform_id` varchar(50) CHARACTER SET utf8mb4 COLLATE utf8mb4_bin DEFAULT '' COMMENT '平台ID',
  `payer_id` varchar(50) CHARACTER SET utf8mb4 COLLATE utf8mb4_bin DEFAULT '' COMMENT '付款方ID',
  `receiver_id` varchar(50) CHARACTER SET utf8mb4 COLLATE utf8mb4_bin DEFAULT '' COMMENT '收款方ID',
  `coin_id` varchar(50) CHARACTER SET utf8mb4 COLLATE utf8mb4_bin DEFAULT '' COMMENT '币种ID',
  `quantity` decimal(10,6) NOT NULL DEFAULT '0.000000' COMMENT '数量',
  `type` int(2) NOT NULL DEFAULT '0' COMMENT '订单类型（1:缴纳保证金 2退款保证金 3:锁仓挂单 4:取消挂单 5:关闭挂单 6:锁仓订单 7:订单交易 8:订单交易手续费）',
  `status_id` int(2) NOT NULL DEFAULT '1' COMMENT '状态（1:未付款 2:付款成功 3:付款失败 4:已取消 5:已失效）',
  `create_time` timestamp NOT NULL DEFAULT CURRENT_TIMESTAMP COMMENT '创建时间',
  PRIMARY KEY (`platform_prepay_id`)
) ENGINE=InnoDB DEFAULT CHARSET=utf8mb4 COLLATE=utf8mb4_bin COMMENT='平台预订单信息表';

-- ----------------------------
-- Records of tb_platform_prepay
-- ----------------------------
INSERT INTO `tb_platform_prepay` VALUES ('566217586388238385', '566217586388238385', '566203807701139456', '566214299505131521', '566206986048241664', '566203807701139456', '2.000000', '1', '1', '2019-04-12 11:24:50');
INSERT INTO `tb_platform_prepay` VALUES ('566217586388238386', '566217586388238386', '566203807701139456', '566214299505131522', '566206986048241664', '566203807701139456', '2.000000', '1', '1', '2019-04-12 11:24:50');
INSERT INTO `tb_platform_prepay` VALUES ('566217586388238387', '566217586388238380', '566203807701139456', '566214299505131522', '566206986048241664', '566204958341332998', '71.600000', '6', '1', '2019-04-12 11:41:00');
INSERT INTO `tb_platform_prepay` VALUES ('566217586388238388', '566217586388238380', '566203807701139456', '566206986048241664', '566214299505131522', '566204958341332999', '9.000000', '0', '1', '2019-04-12 11:41:00');
INSERT INTO `tb_platform_prepay` VALUES ('566217586388238389', '566217586388238380', '566203807701139456', '566206986048241664', '566214299505131521', '566204958341332998', '64.440000', '0', '1', '2019-04-12 11:41:00');
INSERT INTO `tb_platform_prepay` VALUES ('566217586388238390', '566217586388238380', '566203807701139456', '566206986048241664', '566206986048241665', '566204958341332998', '7.160000', '0', '1', '2019-04-12 11:41:00');
INSERT INTO `tb_platform_prepay` VALUES ('566217586388238391', '566217586388238380', '566203807701139456', '566206986048241664', '566206986048241665', '566204958341332999', '1.000000', '0', '1', '2019-04-12 11:41:00');
INSERT INTO `tb_platform_prepay` VALUES ('572076013064814593', '572076013064814593', '566203807701139456', '566214299505131521', '566206986048241665', '566204958341332998', '100.000000', '3', '1', '2019-04-28 15:05:50');
INSERT INTO `tb_platform_prepay` VALUES ('572076176881745920', '572076176881745920', '566203807701139456', '566214299505131521', '566206986048241665', '566204958341332998', '100.000000', '3', '1', '2019-04-28 15:06:33');
INSERT INTO `tb_platform_prepay` VALUES ('572076624745332737', '572076624745332737', '566203807701139456', '566214299505131521', '566206986048241665', '566204958341332998', '100.000000', '3', '1', '2019-04-28 15:08:16');
INSERT INTO `tb_platform_prepay` VALUES ('572076930052915201', '572076930052915201', '566203807701139456', '566214299505131521', '566206986048241665', '566204958341332998', '100.000000', '3', '1', '2019-04-28 15:09:28');
INSERT INTO `tb_platform_prepay` VALUES ('572078406179487745', '572078406179487745', '566203807701139456', '566214299505131521', '566206986048241665', '566204958341332998', '100.000000', '3', '1', '2019-04-28 15:15:20');
INSERT INTO `tb_platform_prepay` VALUES ('572093527459102721', '572093527459102721', '566203807701139456', '566214299505131521', '566206986048241665', '566204958341332998', '100.000000', '3', '1', '2019-04-28 16:15:25');
INSERT INTO `tb_platform_prepay` VALUES ('572093544781578241', '572093544781578241', '566203807701139456', '566214299505131521', '566206986048241665', '566204958341332998', '100.000000', '3', '1', '2019-04-28 16:15:30');
INSERT INTO `tb_platform_prepay` VALUES ('572093548501925889', '572093548501925889', '566203807701139456', '566214299505131521', '566206986048241665', '566204958341332998', '100.000000', '3', '1', '2019-04-28 16:15:30');
INSERT INTO `tb_platform_prepay` VALUES ('572093551169503233', '572093551169503233', '566203807701139456', '566214299505131521', '566206986048241665', '566204958341332998', '100.000000', '3', '1', '2019-04-28 16:15:31');
INSERT INTO `tb_platform_prepay` VALUES ('572093553589616641', '572093553589616641', '566203807701139456', '566214299505131521', '566206986048241665', '566204958341332998', '100.000000', '3', '1', '2019-04-28 16:15:32');
INSERT INTO `tb_platform_prepay` VALUES ('572093555955204097', '572093555955204097', '566203807701139456', '566214299505131521', '566206986048241665', '566204958341332998', '100.000000', '3', '1', '2019-04-28 16:15:32');
INSERT INTO `tb_platform_prepay` VALUES ('572093558375317505', '572093558375317505', '566203807701139456', '566214299505131521', '566206986048241665', '566204958341332998', '100.000000', '3', '1', '2019-04-28 16:15:33');
INSERT INTO `tb_platform_prepay` VALUES ('572104151647911937', '572104151647911937', '566203807701139456', '566214299505131521', '566206986048241665', '566204958341332998', '100.000000', '3', '1', '2019-04-28 16:57:38');
INSERT INTO `tb_platform_prepay` VALUES ('572104160351092737', '572104160351092737', '566203807701139456', '566214299505131521', '566206986048241665', '566204958341332998', '100.000000', '3', '1', '2019-04-28 16:57:41');
INSERT INTO `tb_platform_prepay` VALUES ('572104207969026049', '572104207969026049', '566203807701139456', '566214299505131521', '566206986048241665', '566204958341332998', '100.000000', '3', '1', '2019-04-28 16:57:52');
INSERT INTO `tb_platform_prepay` VALUES ('572122924337594369', '572122924337594369', '566203807701139456', '566214299505131521', '566206986048241665', '566204958341332998', '100.000000', '3', '1', '2019-04-28 18:12:14');

-- ----------------------------
-- Table structure for tb_resource
-- ----------------------------
DROP TABLE IF EXISTS `tb_resource`;
CREATE TABLE `tb_resource` (
  `id` int(11) NOT NULL AUTO_INCREMENT COMMENT '资源ID',
  `uri` varchar(255) CHARACTER SET utf8mb4 COLLATE utf8mb4_bin DEFAULT '' COMMENT '资源uri',
  `description` varchar(255) CHARACTER SET utf8mb4 COLLATE utf8mb4_bin DEFAULT '' COMMENT '资源描述',
  `joint` int(2) NOT NULL DEFAULT '1' COMMENT '对接(1:内部 2:外部)',
  `need_check` int(2) NOT NULL DEFAULT '1' COMMENT '是否需要加解密(1:需要 2:不需要)',
  `create_time` timestamp NOT NULL DEFAULT CURRENT_TIMESTAMP ON UPDATE CURRENT_TIMESTAMP COMMENT '创建时间',
  PRIMARY KEY (`id`)
) ENGINE=InnoDB AUTO_INCREMENT=39 DEFAULT CHARSET=utf8mb4 COLLATE=utf8mb4_bin COMMENT='资源信息表';

-- ----------------------------
-- Records of tb_resource
-- ----------------------------
INSERT INTO `tb_resource` VALUES ('20', '/c2c/hangOrder/cancel', '取消挂单', '1', '1', '2019-04-16 15:52:02');
INSERT INTO `tb_resource` VALUES ('21', '/c2c/service/registerUser', '注册用户信息', '1', '1', '2019-04-16 15:52:02');
INSERT INTO `tb_resource` VALUES ('22', '/c2c/user/payMargin', '缴纳保证金', '1', '1', '2019-04-16 15:52:02');
INSERT INTO `tb_resource` VALUES ('23', '/c2c/dealFlow/search', '搜索流水信息', '1', '1', '2019-04-16 15:52:02');
INSERT INTO `tb_resource` VALUES ('24', '/c2c/order/search', '搜索订单信息', '1', '1', '2019-04-16 15:52:02');
INSERT INTO `tb_resource` VALUES ('25', '/c2c/hangOrder/add', '添加挂单', '1', '1', '2019-04-16 15:52:02');
INSERT INTO `tb_resource` VALUES ('26', '/c2c/user/refundMargin', '退款保证金', '1', '1', '2019-04-16 15:52:02');
INSERT INTO `tb_resource` VALUES ('27', '/c2c/order/add', '添加订单信息', '1', '1', '2019-04-16 15:52:02');
INSERT INTO `tb_resource` VALUES ('28', '/c2c/user/get', '获取用户详情', '1', '1', '2019-04-16 15:52:02');
INSERT INTO `tb_resource` VALUES ('29', '/c2c/service/prepayFinish', '支付完成后回调', '1', '1', '2019-04-16 15:52:02');
INSERT INTO `tb_resource` VALUES ('30', '/c2c/hangOrder/search', '搜索挂单', '1', '1', '2019-04-16 15:52:02');
INSERT INTO `tb_resource` VALUES ('31', '/c2c/order/get', '获取订单详情', '1', '1', '2019-04-16 15:52:02');
INSERT INTO `tb_resource` VALUES ('32', '/c2c/dealFlow/get', '获取流水详情', '1', '1', '2019-04-16 15:52:02');
INSERT INTO `tb_resource` VALUES ('33', '/c2c/hangOrder/get', '查询挂单详情', '1', '1', '2019-04-16 15:52:02');
INSERT INTO `tb_resource` VALUES ('34', '/c2c/user/checkMargin', '判断用户是否缴纳保证金', '1', '1', '2019-04-16 15:52:02');
INSERT INTO `tb_resource` VALUES ('35', '/c2c/order/cancel', '取消订单', '1', '1', '2019-04-16 15:52:02');
INSERT INTO `tb_resource` VALUES ('36', '/c2c/user/inject', '注入用户信息', '1', '1', '2019-04-16 15:52:02');
INSERT INTO `tb_resource` VALUES ('37', '/c2c/coinMarket/get', '获取平台货币行情', '1', '1', '2019-04-16 15:52:02');
INSERT INTO `tb_resource` VALUES ('38', '/c2c/coin/get', '获取平台货币信息', '1', '1', '2019-04-16 15:52:02');

-- ----------------------------
-- Table structure for tb_user
-- ----------------------------
DROP TABLE IF EXISTS `tb_user`;
CREATE TABLE `tb_user` (
  `id` int(11) NOT NULL AUTO_INCREMENT,
  `user_id` varchar(50) CHARACTER SET utf8mb4 COLLATE utf8mb4_bin NOT NULL DEFAULT '' COMMENT '用户ID',
  `platform_id` varchar(50) CHARACTER SET utf8mb4 COLLATE utf8mb4_bin NOT NULL DEFAULT '' COMMENT '平台ID',
  `access_token` varchar(50) CHARACTER SET utf8mb4 COLLATE utf8mb4_bin DEFAULT '' COMMENT '令牌',
  `token_timeout` int(11) NOT NULL DEFAULT '1' COMMENT '令牌有效时间(单位:秒)',
  `nickname` varchar(255) CHARACTER SET utf8mb4 COLLATE utf8mb4_bin DEFAULT '' COMMENT '用户昵称',
  `realname` varchar(255) CHARACTER SET utf8mb4 COLLATE utf8mb4_bin DEFAULT '' COMMENT '真实名称',
  `headimg` varchar(255) CHARACTER SET utf8mb4 COLLATE utf8mb4_bin DEFAULT '' COMMENT '用户头像url',
  `email` varchar(255) CHARACTER SET utf8mb4 COLLATE utf8mb4_bin DEFAULT '' COMMENT '邮箱地址',
  `phone` varchar(50) CHARACTER SET utf8mb4 COLLATE utf8mb4_bin DEFAULT '0' COMMENT '手机号码',
  `margin` decimal(10,6) DEFAULT '0.000000' COMMENT '保证金数量',
  `status_id` int(2) NOT NULL DEFAULT '1' COMMENT '用户状态ID（1: 正常 2:禁用）',
  `register_time` timestamp NOT NULL DEFAULT CURRENT_TIMESTAMP COMMENT '注册时间',
  PRIMARY KEY (`id`),
  UNIQUE KEY `user_id, platform_id` (`user_id`,`platform_id`) USING BTREE COMMENT '平台用户唯一'
) ENGINE=InnoDB AUTO_INCREMENT=9 DEFAULT CHARSET=utf8mb4 COLLATE=utf8mb4_bin COMMENT='用户(管理员、银商、商户)信息表';

-- ----------------------------
-- Records of tb_user
-- ----------------------------
INSERT INTO `tb_user` VALUES ('7', '566214299505131521', '566203807701139456', 'GHHDCFDKKGBGCECGDC', '1', 'Three', '张三', '', '', '0', '2.000000', '1', '2019-04-12 10:54:09');
INSERT INTO `tb_user` VALUES ('8', '566214299505131522', '566203807701139456', 'HIIEDGELLHCHDFDHEE', '1', 'Four', '李四', '', '', '0', '2.000000', '1', '2019-04-12 10:54:09');

-- ----------------------------
-- Procedure structure for userTest
-- ----------------------------
DROP PROCEDURE IF EXISTS `userTest`;
DELIMITER ;;
CREATE DEFINER=`root`@`localhost` PROCEDURE `userTest`(in testname varchar(255))
    COMMENT '根据name模糊查询'
begin 
	insert into tb_test(name) values(testname);
end
;;
DELIMITER ;
